<?xml version="1.0" encoding="UTF-8" standalone="yes"?>
<addon id="service.TBS.update" name="TBS Update Service" version="0.1" provider-name="TBS">
  <requires>
    <import addon="xbmc.python" version="2.1.0"/>
  </requires>
    <extension point="xbmc.service" library="service.py" start="login"/>
    <extension point="xbmc.addon.metadata">
  </extension>
  <extension point="xbmc.addon.metadata">
    <summary lang="en">TotalBoxShop Update Service</summary>
    <description lang="en">Checks for any updates in builds and important seller announcements</description>
    <platform>all</platform>
  </extension>
</addon>
