<?xml version="1.0" encoding="UTF-8" standalone="yes"?>
<addon id="plugin.program.TBS" name="[COLOR=lime]T[/COLOR]otal[COLOR=lime]B[/COLOR]ox[COLOR=lime]S[/COLOR]hop" version="0.0.1" provider-name="TBS">
  <requires>
	<import addon="xbmc.python" version="2.1.0"/>
    <import addon="script.module.addon.common" />
    <import addon="service.TBS.update" />
  </requires>
  <extension point="xbmc.python.pluginsource" library="default.py">
        <provides>executable</provides>
  </extension>
  <extension point="xbmc.addon.metadata">
    <summary lang="en">TotalRevolution</summary>
	<description>Absolutely everything you could ever need, addons, community builds, backups, tutorials, maintenance... you name it, if it's Kodi related you'll find it here! A massive thanks to all of you that contribute to the project at [COLOR=lime][B]www.totalxbmc.tv[/COLOR][/B]</description>
    <platform>all</platform>
  </extension>
</addon>